Epsilon,Terms,Absolute Error,Remainder Term
10^-2,3,0.0000386537072743,0.0025418402777778
10^-5,5,0.0000000006996157,0.0000001384489714
10^-8,6,0.0000000000016021,0.0000000004653424
10^-11,7,0.0000000000000024,0.0000000000010664
10^-14,8,0.0000000000000002,0.0000000000000018
